Workbook

Sheet 📊 HR Dashboard
B2: 🏢 PEOPLE & TEAMS DASHBOARD · FULL YEAR 2024
B4: 👥 Total Staff | E4: 👨 Men | H4: 👩 Women | K4: 👨 Men % | N4: 👩 Women % | Q4: 📉 People Who Left | T4: 🏬 Teams | W4: 📅 Avg Years Worked | Z4: 🎂 Avg Age
B5: ='Raw Data'!B15 -> 560 | E5: ='Raw Data'!C15 -> 314 | H5: ='Raw Data'!D15 -> 246 | K5: ='Raw Data'!G15 -> 0.56071429 | N5: ='Raw Data'!H15 -> 0.43928571 | Q5: ='Raw Data'!F15 -> 0.11071429 | T5: 13 | W5: ='Raw Data'!J15 -> 3.7846154 | Z5: ='Raw Data'!I15 -> 32.307692
B8: 📊 Staff Count by Team | N8: 👥 Men vs Women by Team (%) | W8: 🥧 Men vs Women — All Staff
B25: 📋 Team Details — Staff Count, Men vs Women & Who Left
B26: Team / Department | E26: Total Staff | G26: Men | I26: Women | K26: Men % | M26: Women % | O26: Left | Q26: Left % | T26: Avg Age | W26: Years Worked
B27: ='Raw Data'!A2 -> Engineering | E27: ='Raw Data'!B2 -> 92 | G27: ='Raw Data'!C2 -> 62 | I27: ='Raw Data'!D2 -> 30 | K27: ='Raw Data'!G2 -> 0.67391304 | M27: ='Raw Data'!H2 -> 0.32608696 | O27: ='Raw Data'!E2 -> 10 | Q27: ='Raw Data'!F2 -> 0.10869565 | T27: ='Raw Data'!I2 -> 31 | W27: ='Raw Data'!J2 -> 3.2
B28: ='Raw Data'!A3 -> Sales | E28: ='Raw Data'!B3 -> 74 | G28: ='Raw Data'!C3 -> 40 | I28: ='Raw Data'!D3 -> 34 | K28: ='Raw Data'!G3 -> 0.54054054 | M28: ='Raw Data'!H3 -> 0.45945946 | O28: ='Raw Data'!E3 -> 9 | Q28: ='Raw Data'!F3 -> 0.12162162 | T28: ='Raw Data'!I3 -> 29 | W28: ='Raw Data'!J3 -> 2.8
B29: ='Raw Data'!A4 -> HR | E29: ='Raw Data'!B4 -> 32 | G29: ='Raw Data'!C4 -> 11 | I29: ='Raw Data'!D4 -> 21 | K29: ='Raw Data'!G4 -> 0.34375 | M29: ='Raw Data'!H4 -> 0.65625 | O29: ='Raw Data'!E4 -> 3 | Q29: ='Raw Data'!F4 -> 0.09375 | T29: ='Raw Data'!I4 -> 34 | W29: ='Raw Data'!J4 -> 4.5
B30: ='Raw Data'!A5 -> Marketing | E30: ='Raw Data'!B5 -> 48 | G30: ='Raw Data'!C5 -> 22 | I30: ='Raw Data'!D5 -> 26 | K30: ='Raw Data'!G5 -> 0.45833333 | M30: ='Raw Data'!H5 -> 0.54166667 | O30: ='Raw Data'!E5 -> 5 | Q30: ='Raw Data'!F5 -> 0.10416667 | T30: ='Raw Data'!I5 -> 30 | W30: ='Raw Data'!J5 -> 3
B31: ='Raw Data'!A6 -> Finance | E31: ='Raw Data'!B6 -> 41 | G31: ='Raw Data'!C6 -> 26 | I31: ='Raw Data'!D6 -> 15 | K31: ='Raw Data'!G6 -> 0.63414634 | M31: ='Raw Data'!H6 -> 0.36585366 | O31: ='Raw Data'!E6 -> 4 | Q31: ='Raw Data'!F6 -> 0.097560976 | T31: ='Raw Data'!I6 -> 36 | W31: ='Raw Data'!J6 -> 5.1
B32: ='Raw Data'!A7 -> Operations | E32: ='Raw Data'!B7 -> 60 | G32: ='Raw Data'!C7 -> 38 | I32: ='Raw Data'!D7 -> 22 | K32: ='Raw Data'!G7 -> 0.63333333 | M32: ='Raw Data'!H7 -> 0.36666667 | O32: ='Raw Data'!E7 -> 7 | Q32: ='Raw Data'!F7 -> 0.11666667 | T32: ='Raw Data'!I7 -> 33 | W32: ='Raw Data'!J7 -> 3.8
B33: ='Raw Data'!A8 -> Customer Svc | E33: ='Raw Data'!B8 -> 55 | G33: ='Raw Data'!C8 -> 21 | I33: ='Raw Data'!D8 -> 34 | K33: ='Raw Data'!G8 -> 0.38181818 | M33: ='Raw Data'!H8 -> 0.61818182 | O33: ='Raw Data'!E8 -> 8 | Q33: ='Raw Data'!F8 -> 0.14545455 | T33: ='Raw Data'!I8 -> 27 | W33: ='Raw Data'!J8 -> 2.1
B34: ='Raw Data'!A9 -> Legal | E34: ='Raw Data'!B9 -> 24 | G34: ='Raw Data'!C9 -> 13 | I34: ='Raw Data'!D9 -> 11 | K34: ='Raw Data'!G9 -> 0.54166667 | M34: ='Raw Data'!H9 -> 0.45833333 | O34: ='Raw Data'!E9 -> 2 | Q34: ='Raw Data'!F9 -> 0.083333333 | T34: ='Raw Data'!I9 -> 38 | W34: ='Raw Data'!J9 -> 6.2
B35: ='Raw Data'!A10 -> IT Support | E35: ='Raw Data'!B10 -> 38 | G35: ='Raw Data'!C10 -> 28 | I35: ='Raw Data'!D10 -> 10 | K35: ='Raw Data'!G10 -> 0.73684211 | M35: ='Raw Data'!H10 -> 0.26315789 | O35: ='Raw Data'!E10 -> 4 | Q35: ='Raw Data'!F10 -> 0.10526316 | T35: ='Raw Data'!I10 -> 28 | W35: ='Raw Data'!J10 -> 2.5
B36: ='Raw Data'!A11 -> R&D | E36: ='Raw Data'!B11 -> 29 | G36: ='Raw Data'!C11 -> 20 | I36: ='Raw Data'!D11 -> 9 | K36: ='Raw Data'!G11 -> 0.68965517 | M36: ='Raw Data'!H11 -> 0.31034483 | O36: ='Raw Data'!E11 -> 3 | Q36: ='Raw Data'!F11 -> 0.10344828 | T36: ='Raw Data'!I11 -> 35 | W36: ='Raw Data'!J11 -> 4
B37: ='Raw Data'!A12 -> Admin | E37: ='Raw Data'!B12 -> 22 | G37: ='Raw Data'!C12 -> 8 | I37: ='Raw Data'!D12 -> 14 | K37: ='Raw Data'!G12 -> 0.36363636 | M37: ='Raw Data'!H12 -> 0.63636364 | O37: ='Raw Data'!E12 -> 2 | Q37: ='Raw Data'!F12 -> 0.090909091 | T37: ='Raw Data'!I12 -> 32 | W37: ='Raw Data'!J12 -> 3.6
B38: ='Raw Data'!A13 -> Procurement | E38: ='Raw Data'!B13 -> 18 | G38: ='Raw Data'!C13 -> 11 | I38: ='Raw Data'!D13 -> 7 | K38: ='Raw Data'!G13 -> 0.61111111 | M38: ='Raw Data'!H13 -> 0.38888889 | O38: ='Raw Data'!E13 -> 2 | Q38: ='Raw Data'!F13 -> 0.11111111 | T38: ='Raw Data'!I13 -> 37 | W38: ='Raw Data'!J13 -> 5.5
B39: ='Raw Data'!A14 -> Design | E39: ='Raw Data'!B14 -> 27 | G39: ='Raw Data'!C14 -> 14 | I39: ='Raw Data'!D14 -> 13 | K39: ='Raw Data'!G14 -> 0.51851852 | M39: ='Raw Data'!H14 -> 0.48148148 | O39: ='Raw Data'!E14 -> 3 | Q39: ='Raw Data'!F14 -> 0.11111111 | T39: ='Raw Data'!I14 -> 30 | W39: ='Raw Data'!J14 -> 2.9
B40: TOTAL | E40: ='Raw Data'!B15 -> 560 | G40: ='Raw Data'!C15 -> 314 | I40: ='Raw Data'!D15 -> 246 | K40: ='Raw Data'!G15 -> 0.56071429 | M40: ='Raw Data'!H15 -> 0.43928571 | O40: ='Raw Data'!E15 -> 62 | Q40: ='Raw Data'!F15 -> 0.11071429 | T40: ='Raw Data'!I15 -> 32.307692 | W40: ='Raw Data'!J15 -> 3.7846154
B41: 📈 People Who Left vs New Joiners — Month by Month (2024) | P41: 📉 How Many People Left Each Team (%)
B53: 📌 People & Teams Dashboard · Data from: HR System · Period: Jan–Dec 2024 · For Internal Use Only

Sheet Raw Data
A1: Department | B1: Total Staff | C1: Men | D1: Women | E1: People Left | F1: Left % | G1: Men % | H1: Women % | I1: Avg Age | J1: Years at Work | M1: Month | N1: Total Staff | O1: People Left | P1: New Joiners | Q1: Left % | S1: Group | T1: Count | V1: Team | W1: Left %
A2: Engineering | B2: 92 | C2: 62 | D2: 30 | E2: 10 | F2: =E2/B2 -> 0.10869565 | G2: =C2/B2 -> 0.67391304 | H2: =D2/B2 -> 0.32608696 | I2: 31 | J2: 3.2 | M2: Jan 2024 | N2: 420 | O2: 10 | P2: 8 | Q2: =O2/N2 -> 0.023809524 | S2: Men | T2: =C15 -> 314 | V2: Engineering | W2: =F2 -> 0.10869565
A3: Sales | B3: 74 | C3: 40 | D3: 34 | E3: 9 | F3: =E3/B3 -> 0.12162162 | G3: =C3/B3 -> 0.54054054 | H3: =D3/B3 -> 0.45945946 | I3: 29 | J3: 2.8 | M3: Feb 2024 | N3: 418 | O3: 7 | P3: 12 | Q3: =O3/N3 -> 0.016746411 | S3: Women | T3: =D15 -> 246 | V3: Sales | W3: =F3 -> 0.12162162
A4: HR | B4: 32 | C4: 11 | D4: 21 | E4: 3 | F4: =E4/B4 -> 0.09375 | G4: =C4/B4 -> 0.34375 | H4: =D4/B4 -> 0.65625 | I4: 34 | J4: 4.5 | M4: Mar 2024 | N4: 423 | O4: 5 | P4: 10 | Q4: =O4/N4 -> 0.011820331 | V4: HR | W4: =F4 -> 0.09375
A5: Marketing | B5: 48 | C5: 22 | D5: 26 | E5: 5 | F5: =E5/B5 -> 0.10416667 | G5: =C5/B5 -> 0.45833333 | H5: =D5/B5 -> 0.54166667 | I5: 30 | J5: 3 | M5: Apr 2024 | N5: 428 | O5: 8 | P5: 6 | Q5: =O5/N5 -> 0.018691589 | V5: Marketing | W5: =F5 -> 0.10416667
A6: Finance | B6: 41 | C6: 26 | D6: 15 | E6: 4 | F6: =E6/B6 -> 0.097560976 | G6: =C6/B6 -> 0.63414634 | H6: =D6/B6 -> 0.36585366 | I6: 36 | J6: 5.1 | M6: May 2024 | N6: 426 | O6: 11 | P6: 7 | Q6: =O6/N6 -> 0.025821596 | V6: Finance | W6: =F6 -> 0.097560976
A7: Operations | B7: 60 | C7: 38 | D7: 22 | E7: 7 | F7: =E7/B7 -> 0.11666667 | G7: =C7/B7 -> 0.63333333 | H7: =D7/B7 -> 0.36666667 | I7: 33 | J7: 3.8 | M7: Jun 2024 | N7: 422 | O7: 6 | P7: 14 | Q7: =O7/N7 -> 0.014218009 | V7: Operations | W7: =F7 -> 0.11666667
A8: Customer Svc | B8: 55 | C8: 21 | D8: 34 | E8: 8 | F8: =E8/B8 -> 0.14545455 | G8: =C8/B8 -> 0.38181818 | H8: =D8/B8 -> 0.61818182 | I8: 27 | J8: 2.1 | M8: Jul 2024 | N8: 430 | O8: 8 | P8: 9 | Q8: =O8/N8 -> 0.018604651 | V8: Customer Svc | W8: =F8 -> 0.14545455
A9: Legal | B9: 24 | C9: 13 | D9: 11 | E9: 2 | F9: =E9/B9 -> 0.083333333 | G9: =C9/B9 -> 0.54166667 | H9: =D9/B9 -> 0.45833333 | I9: 38 | J9: 6.2 | M9: Aug 2024 | N9: 431 | O9: 9 | P9: 11 | Q9: =O9/N9 -> 0.020881671 | V9: Legal | W9: =F9 -> 0.083333333
A10: IT Support | B10: 38 | C10: 28 | D10: 10 | E10: 4 | F10: =E10/B10 -> 0.10526316 | G10: =C10/B10 -> 0.73684211 | H10: =D10/B10 -> 0.26315789 | I10: 28 | J10: 2.5 | M10: Sep 2024 | N10: 433 | O10: 13 | P10: 6 | Q10: =O10/N10 -> 0.030023095 | V10: IT Support | W10: =F10 -> 0.10526316
A11: R&D | B11: 29 | C11: 20 | D11: 9 | E11: 3 | F11: =E11/B11 -> 0.10344828 | G11: =C11/B11 -> 0.68965517 | H11: =D11/B11 -> 0.31034483 | I11: 35 | J11: 4 | M11: Oct 2024 | N11: 426 | O11: 7 | P11: 10 | Q11: =O11/N11 -> 0.016431925 | V11: R&D | W11: =F11 -> 0.10344828
A12: Admin | B12: 22 | C12: 8 | D12: 14 | E12: 2 | F12: =E12/B12 -> 0.090909091 | G12: =C12/B12 -> 0.36363636 | H12: =D12/B12 -> 0.63636364 | I12: 32 | J12: 3.6 | M12: Nov 2024 | N12: 429 | O12: 5 | P12: 12 | Q12: =O12/N12 -> 0.011655012 | V12: Admin | W12: =F12 -> 0.090909091
A13: Procurement | B13: 18 | C13: 11 | D13: 7 | E13: 2 | F13: =E13/B13 -> 0.11111111 | G13: =C13/B13 -> 0.61111111 | H13: =D13/B13 -> 0.38888889 | I13: 37 | J13: 5.5 | M13: Dec 2024 | N13: 436 | O13: 6 | P13: 8 | Q13: =O13/N13 -> 0.013761468 | V13: Procurement | W13: =F13 -> 0.11111111
A14: Design | B14: 27 | C14: 14 | D14: 13 | E14: 3 | F14: =E14/B14 -> 0.11111111 | G14: =C14/B14 -> 0.51851852 | H14: =D14/B14 -> 0.48148148 | I14: 30 | J14: 2.9 | V14: Design | W14: =F14 -> 0.11111111
A15: TOTAL | B15: =SUM(B2:B14) -> 560 | C15: =SUM(C2:C14) -> 314 | D15: =SUM(D2:D14) -> 246 | E15: =SUM(E2:E14) -> 62 | F15: =E15/B15 -> 0.11071429 | G15: =C15/B15 -> 0.56071429 | H15: =D15/B15 -> 0.43928571 | I15: =AVERAGE(I2:I14) -> 32.307692 | J15: =AVERAGE(J2:J14) -> 3.7846154
